{
    "piece_values": {
        "PAWN": 99.7410072842389,
        "KNIGHT": 320.97417260300335,
        "BISHOP": 334.20770609543905,
        "ROOK": 486.3294382079125,
        "QUEEN": 858.1500815983757,
        "KING": 19587.088275144884
    },
    "position_scores": {
        "PAWN": [
            0.0,
            0.0,
            0.0,
            0.0,
            0.0,
            0.0,
            0.0,
            0.0,
            54.36810048963191,
            46.65161405593578,
            49.065907469737304,
            32.95199661264051,
            33.704026623136755,
            48.24361356103223,
            49.627590486260075,
            49.03046202608636,
            10.05387121691345,
            10.675942675919567,
            20.51326903168838,
            39.61377346228446,
            39.788526191537784,
            20.170840814215946,
            9.417729133810777,
            10.637460767564681,
            5.046341084137444,
            4.937803241879047,
            10.496152533010786,
            25.745565371839536,
            23.897690681424663,
            10.074893219442838,
            4.947267162581799,
            4.973047885151398,
            0.0,
            0.0,
            0.0,
            21.809787073807318,
            20.317891214949068,
            0.0,
            0.0,
            0.0,
            4.955912392393736,
            -4.872016255628973,
            -9.395929089790187,
            0.0,
            0.0,
            -9.888224710600616,
            -5.221780616496064,
            5.392645341469952,
            4.754061448221224,
            9.313002455178601,
            9.91032618931319,
            -4.974204944966213,
            -4.741913367266917,
            9.75905801262154,
            9.985351468931261,
            4.957930663300144,
            0.0,
            0.0,
            0.0,
            0.0,
            0.0,
            0.0,
            0.0,
            0.0
        ],
        "KNIGHT": [
            -51.36266412518758,
            -38.626087072961795,
            -30.285406238313772,
            -30.078188329513967,
            -27.691172816066718,
            -30.170789315494872,
            -38.53029194810872,
            -48.864512908987614,
            -38.09410478951602,
            -20.014123861923476,
            0.0,
            0.0,
            0.0,
            0.0,
            -19.689957020248347,
            -40.74702245822673,
            -30.557641887925897,
            0.0,
            9.52629794122528,
            15.126268632065438,
            15.048560546553254,
            9.63489304944439,
            0.0,
            -28.29835208555716,
            -29.949017862012145,
            5.308139563328924,
            14.545276174340932,
            18.849256706501176,
            19.08161253475495,
            14.54374761494832,
            4.994533477748129,
            -28.837382499783825,
            -28.98156695165068,
            0.0,
            14.386909192937454,
            19.60540086158471,
            20.17304189174845,
            15.00423615023171,
            0.0,
            -31.980537014240713,
            -32.414293099784494,
            4.628792846328563,
            9.613216144377159,
            14.553562729194162,
            13.973051563795236,
            9.930608326124467,
            5.03546869274903,
            -32.97435523438028,
            -39.6461135281075,
            -19.932879215862172,
            0.0,
            4.706347568809635,
            4.983672770523682,
            0.0,
            -18.863893844696744,
            -37.800924246882836,
            -49.37841416149964,
            -41.52653230611452,
            -31.337086366894784,
            -29.846225499110155,
            -30.636879861930442,
            -30.808318643310603,
            -40.50486258231771,
            -51.242866468822726
        ],
        "BISHOP": [
            -19.980123656552124,
            -9.480799029549358,
            -10.008604190148933,
            -10.153870361882367,
            -10.389987313619555,
            -9.563623358247133,
            -10.270853649492324,
            -20.333045428482137,
            -10.248408648023808,
            5.223825304637627,
            9.694630164811237,
            10.398450630343817,
            9.694556369753812,
            10.119279761092619,
            4.868004368189004,
            -9.66799118288388,
            -10.217800466240991,
            10.497895736917794,
            14.745495457298807,
            18.965392002420977,
            21.000140232382762,
            14.823163229507728,
            10.014014870541429,
            -10.335393415242336,
            -10.466487647668512,
            9.46192319073915,
            18.936773607188346,
            30.556866803164315,
            30.509147864131215,
            20.683781415343333,
            10.185851646191656,
            -9.410640286940088,
            -9.30348303715579,
            10.738010111538316,
            20.19408032702527,
            28.394847537369124,
            28.731610059912782,
            19.59523280584051,
            10.079075321668759,
            -10.419348235232881,
            -10.259074988236053,
            10.82730661266091,
            15.626184373755688,
            19.823612389051107,
            20.32001066277399,
            14.746429738641385,
            9.842224048684054,
            -10.707959467466889,
            -10.499806353142077,
            4.822992846757579,
            10.118374435827478,
            10.680438845785194,
            9.565026301395472,
            10.009960470449714,
            5.024594978718062,
            -9.868527793243953,
            -19.630410036790476,
            -9.18961395136232,
            -9.9382796197518,
            -10.386994852075977,
            -9.965669702124984,
            -9.919373861435838,
            -9.535184095528166,
            -20.78772083455548
        ],
        "ROOK": [
            0.0,
            0.0,
            4.833574887006632,
            9.655781873569385,
            9.210162363936416,
            5.145733069389787,
            0.0,
            0.0,
            -4.804435430509672,
            0.0,
            0.0,
            0.0,
            0.0,
            0.0,
            0.0,
            -5.059311387383457,
            -4.719986071359043,
            0.0,
            0.0,
            0.0,
            0.0,
            0.0,
            0.0,
            -5.145446912081679,
            -5.21466181361285,
            0.0,
            0.0,
            0.0,
            0.0,
            0.0,
            0.0,
            -5.418719503871941,
            -4.97758719963911,
            0.0,
            0.0,
            0.0,
            0.0,
            0.0,
            0.0,
            -5.364678151955272,
            -4.9108275853552055,
            0.0,
            0.0,
            0.0,
            0.0,
            0.0,
            0.0,
            -5.0725326163830555,
            4.950329621512911,
            9.824657093792657,
            9.572650886853529,
            10.468680256261154,
            10.14141331969133,
            9.759223959634358,
            9.988699628012863,
            4.909240196555437,
            0.0,
            0.0,
            0.0,
            0.0,
            0.0,
            0.0,
            0.0,
            0.0
        ],